-- CHANNELS

INSERT INTO channels (id, name, handle) VALUES
  (1, 'Clint''s Reptiles', 'clintsreptiles'),
  (2, 'Tasting History with Max Miller', 'tastinghistory'),
  (3, 'Alec Steele', 'alecsteele'),
  (4, 'MythBusters', 'mythbusters'),
  (5, 'Gamers Nexus', 'gamersnexus'),
  (6, 'Broughy1322', 'broughy1322');


-- SERIES / PLAYLISTS

INSERT INTO series (id, title, channel_id) VALUES
  -- Clint
  (1, 'Reptile Care Basics', 1),
  (2, 'Field Herping Adventures', 1),
  -- Max
  (3, 'Historical Dishes', 2),
  (4, 'Historical Drinks', 2),
  -- Alec
  (5, 'Forged Projects', 3),
  (6, 'Shop Techniques', 3),
  -- MythBusters
  (7, 'Myth Testing', 4),
  (8, 'Behind the Experiments', 4),
  -- Gamers Nexus
  (9, 'PC Hardware Deep Dives',5),
  (10, 'Cooling & Thermals',5),
  -- Broughy
  (11, 'GTA Racing – Cars',6),
  (12, 'GTA Racing – Bikes',6);


-- GENRES

INSERT INTO genres (id, name) VALUES
  (1, 'Animals'),
  (2, 'Nature'),
  (3, 'History'),
  (4, 'Cooking'),
  (5, 'Metalwork'),
  (6, 'Science'),
  (7, 'Technology'),
  (8, 'Gaming'),
  (9, 'Motorsport'),
  (10, 'Experiment');


-- VIDEOS – Clint's Reptiles (1001–1010)

INSERT INTO videos (id, version, title, description, release_date, stream_url,
                    visibility, channel_id, series_id, position_in_series) VALUES
(1001, 0,
 'Top 5 Beginner-Friendly Reptiles',
 'An introduction to a few reptiles great for beginners.',
 '2025-01-10',
 'https://edufy.com/video/reptile-care-basics/top-5-beginner-friendly-reptiles.mp4',
 'PUBLIC',
 1, 1, 1
),
(1002, 0,
 'How to Set Up a Bioactive Terrarium',
 'Step by step how to build a bioactive terrarium.',
 '2025-01-17',
 'https://edufy.com/video/reptile-care-basics/how-to-set-up-a-bioactive-terrarium.mp4',
 'PUBLIC',
 1, 1, 2
),
(1003, 0,
 'Handling Nervous Snakes Safely',
 'Tips for secure handling of anxious snakes.',
 '2025-01-24',
 'https://edufy.com/video/reptile-care-basics/handling-nervous-snakes-safely.mp4',
 'PUBLIC',
 1, 1, 3
),
(1004, 0,
 'Best Feeder Insects for Lizards',
 'Review of different forage insects and nutritional value.',
 '2025-01-31',
 'https://edufy.com/video/reptile-care-basics/best-feeder-insects-for-lizards.mp4',
 'PUBLIC',
 1, 1, 4
),
(1005, 0,
 'Shedding Problems and How to Fix Them',
 'Common causes of poor shedding and solutions.',
 '2025-02-07',
 'https://edufy.com/video/reptile-care-basics/shedding-problems-and-how-to-fix-them.mp4',
 'PUBLIC',
 1, 1, 5
),
(1006, 0,
 'Field Herping in Utah Desert',
 'Clint explores reptiles in a desert environment.',
 '2025-02-14',
 'https://edufy.com/video/field-herping-adventures/field-herping-in-utah-desert.mp4',
 'PUBLIC',
 1, 2, 1
),
(1007, 0,
 'Night Herping in Tropical Forest',
 'Nighttime hunting for frogs and geckos.',
 '2025-02-21',
 'https://edufy.com/video/field-herping-adventures/night-herping-in-tropical-forest.mp4',
 'PUBLIC',
 1, 2, 2
),
(1008, 0,
 'Searching for Turtles in Spring',
 'Spring excursion with a focus on turtles.',
 '2025-02-28',
 'https://edufy.com/video/field-herping-adventures/searching-for-turtles-in-spring.mp4',
 'PUBLIC',
 1, 2, 3
),
(1009, 0,
 'Field Trip: Snakes of the Grasslands',
 'Documentation of snakes in grassland.',
 '2025-03-07',
 'https://edufy.com/video/field-herping-adventures/field-trip-snakes-of-the-grasslands.mp4',
 'PUBLIC',
 1, 2, 4
),
(1010, 0,
 'Herping with Kids – Safety Tips',
 'How to safely herp with family.',
 '2025-03-14',
 'https://edufy.com/video/field-herping-adventures/herping-with-kids-safety-tips.mp4',
 'PUBLIC',
 1, 2, 5
);

-- VIDEOS – Tasting History (1011–1020)

INSERT INTO videos (id, version, title, description, release_date, stream_url,
                    visibility, channel_id, series_id, position_in_series) VALUES
(1011, 0,
 'Cooking Ancient Roman Honey Cakes',
 'Max makes a historical dessert from the Roman Empire.',
 '2025-01-12',
 'https://edufy.com/video/historical-dishes/cooking-ancient-roman-honey-cakes.mp4',
 'PUBLIC',
 2, 3, 1
),
(1012, 0,
 'Medieval Bread from Scratch',
 'Medieval bread with sourdough and wood oven.',
 '2025-01-19',
 'https://edufy.com/video/historical-dishes/medieval-bread-from-scratch.mp4',
 'PUBLIC',
 2, 3, 2
),
(1013, 0,
 'Tudor Meat Pie Recreation',
 'A hearty meat pie inspired by the Tudor era.',
 '2025-01-26',
 'https://edufy.com/video/historical-dishes/tudor-meat-pie-recreation.mp4',
 'PUBLIC',
 2, 3, 3
),
(1014, 0,
 '18th Century Street Food',
 'A look at historical food that was sold on the streets.',
 '2025-02-02',
 'https://edufy.com/video/historical-dishes/18th-century-street-food.mp4',
 'PUBLIC',
 2, 3, 4
),
(1015, 0,
 'Viking Stew with Modern Ingredients',
 'An interpretation of a Viking Age stew.',
 '2025-02-09',
 'https://edufy.com/video/historical-dishes/viking-stew-with-modern-ingredients.mp4',
 'PUBLIC',
 2, 3, 5
),
(1016, 0,
 'Recreating Ancient Greek Wine',
 'Historical drink reconstructed with modern methods.',
 '2025-02-16',
 'https://edufy.com/video/historical-drinks/recreating-ancient-greek-wine.mp4',
 'PUBLIC',
 2, 4, 1
),
(1017, 0,
 'Medieval Spiced Ale',
 'Spiced ale based on medieval recipes.',
 '2025-02-23',
 'https://edufy.com/video/historical-drinks/medieval-spiced-ale.mp4',
 'PUBLIC',
 2, 4, 2
),
(1018, 0,
 'Renaissance Fruit Punch',
 'Festive drink from Renaissance banquets.',
 '2025-03-02',
 'https://edufy.com/video/historical-drinks/renaissance-fruit-punch.mp4',
 'PUBLIC',
 2, 4, 3
),
(1019, 0,
 'Historic Hot Chocolate Variations',
 'Different historical versions of hot chocolate.',
 '2025-03-09',
 'https://edufy.com/video/historical-drinks/historic-hot-chocolate-variations.mp4',
 'PUBLIC',
 2, 4, 4
),
(1020, 0,
 'Roman-Style Refreshing Summer Drink',
 'Summery drink inspired by ancient Rome.',
 '2025-03-16',
 'https://edufy.com/video/historical-drinks/roman-style-refreshing-summer-drink.mp4',
 'PUBLIC',
 2, 4, 5
);

-- VIDEOS – Alec Steele (1021–1030)

INSERT INTO videos (id, version, title, description, release_date, stream_url,
                    visibility, channel_id, series_id, position_in_series) VALUES
(1021, 0,
 'Forging a High-Carbon Utility Knife',
 'Knife from steel bar to finished product.',
 '2025-01-13',
 'https://edufy.com/video/forged-projects/forging-a-high-carbon-utility-knife.mp4',
 'PUBLIC',
 3, 5, 1
),
(1022, 0,
 'Building a Pattern-Welded Blade',
 'Project with patterned steel.',
 '2025-01-20',
 'https://edufy.com/video/forged-projects/building-a-pattern-welded-blade.mp4',
 'PUBLIC',
 3, 5, 2
),
(1023, 0,
 'Forged Chef''s Knife for Daily Use',
 'Practical kitchen knife, full blacksmithing project.',
 '2025-01-27',
 'https://edufy.com/video/forged-projects/forged-chef-s-knife-for-daily-use.mp4',
 'PUBLIC',
 3, 5, 3
),
(1024, 0,
 'Making a Viking-Style Axe',
 'Decorative but functional axe.',
 '2025-02-03',
 'https://edufy.com/video/forged-projects/making-a-viking-style-axe.mp4',
 'PUBLIC',
 3, 5, 4
),
(1025, 0,
 'Forging a Small Hammer for the Shop',
 'Build your own sledgehammer-like tool.',
 '2025-02-10',
 'https://edufy.com/video/forged-projects/forging-a-small-hammer-for-the-shop.mp4',
 'PUBLIC',
 3, 5, 5
),
(1026, 0,
 'Heat Treating Basics Explained',
 'Hardening and tempering for different types of steel.',
 '2025-02-17',
 'https://edufy.com/video/shop-techniques/heat-treating-basics-explained.mp4',
 'PUBLIC',
 3, 6, 1
),
(1027, 0,
 'Grinding and Polishing Techniques',
 'Smooth grinding and mirror polishing.',
 '2025-02-24',
 'https://edufy.com/video/shop-techniques/grinding-and-polishing-techniques.mp4',
 'PUBLIC',
 3, 6, 2
),
(1028, 0,
 'Forge Maintenance and Safety',
 'Routines to keep the forge safe and efficient.',
 '2025-03-03',
 'https://edufy.com/video/shop-techniques/forge-maintenance-and-safety.mp4',
 'PUBLIC',
 3, 6, 3
),
(1029, 0,
 'Intro to Damascus Pattern Design',
 'How to plan the pattern in Damascus steel.',
 '2025-03-10',
 'https://edufy.com/video/shop-techniques/intro-to-damascus-pattern-design.mp4',
 'PUBLIC',
 3, 6, 4
),
(1030, 0,
 'Tool Making: Tongs for Beginners',
 'Forges simple pliers for beginners.',
 '2025-03-17',
 'https://edufy.com/video/shop-techniques/tool-making-tongs-for-beginners.mp4',
 'PUBLIC',
 3, 6, 5
);

-- VIDEOS – MythBusters (1031–1040)

INSERT INTO videos (id, version, title, description, release_date, stream_url,
                    visibility, channel_id, series_id, position_in_series) VALUES
(1031, 0,
 'Can a Car Really Explode from Heat?',
 'Testing a popular Hollywood myth.',
 '2025-01-14',
 'https://edufy.com/video/myth-testing/can-a-car-really-explode-from-heat.mp4',
 'PUBLIC',
 4, 7, 1
),
(1032, 0,
 'Is Duct Tape Strong Enough to Lift a Person?',
 'Experiment with tape and weights.',
 '2025-01-21',
 'https://edufy.com/video/myth-testing/is-duct-tape-strong-enough-to-lift-a-person.mp4',
 'PUBLIC',
 4, 7, 2
),
(1033, 0,
 'Can You Dodge a Paintball?',
 'Reaction time and physics in focus.',
 '2025-01-28',
 'https://edufy.com/video/myth-testing/can-you-dodge-a-paintball.mp4',
 'PUBLIC',
 4, 7, 3
),
(1034, 0,
 'Will a Coin Dropped from a Skyscraper Kill?',
 'Classic myth of falling coins.',
 '2025-02-04',
 'https://edufy.com/video/myth-testing/will-a-coin-dropped-from-a-skyscraper-kill.mp4',
 'PUBLIC',
 4, 7, 4
),
(1035, 0,
 'Is Running or Walking Better in the Rain?',
 'Test of how to get the least wet.',
 '2025-02-11',
 'https://edufy.com/video/myth-testing/is-running-or-walking-better-in-the-rain.mp4',
 'PUBLIC',
 4, 7, 5
),
(1036, 0,
 'Inside an Industrial Fire Suppression System',
 'The technology behind large fire extinguishing systems.',
 '2025-02-18',
 'https://edufy.com/video/behind-the-experiments/inside-an-industrial-fire-suppression-system.mp4',
 'PUBLIC',
 4, 8, 1
),
(1037, 0,
 'Slow-Motion Bullet Impact Lab',
 'High-speed camera tests.',
 '2025-02-25',
 'https://edufy.com/video/behind-the-experiments/slow-motion-bullet-impact-lab.mp4',
 'PUBLIC',
 4, 8, 2
),
(1038, 0,
 'Crash Test Dummy Instrumentation',
 'Review of sensors and data from crash tests.',
 '2025-03-04',
 'https://edufy.com/video/behind-the-experiments/crash-test-dummy-instrumentation.mp4',
 'PUBLIC',
 4, 8, 3
),
(1039, 0,
 'Building a Miniature Myth Setup',
 'Scale models for safe experiments.',
 '2025-03-11',
 'https://edufy.com/video/behind-the-experiments/building-a-miniature-myth-setup.mp4',
 'PUBLIC',
 4, 8, 4
),
(1040, 0,
 'Data Logging for Myth Experiments',
 'How measurement data is collected and analyzed.',
 '2025-03-18',
 'https://edufy.com/video/behind-the-experiments/data-logging-for-myth-experiments.mp4',
 'PUBLIC',
 4, 8, 5
);

-- VIDEOS – Gamers Nexus (1041–1050)

INSERT INTO videos (id, version, title, description, release_date, stream_url,
                    visibility, channel_id, series_id, position_in_series) VALUES
(1041, 0,
 'RTX 5090 Launch Review',
 'Review of performance, price and positioning.',
 '2025-01-15',
 'https://edufy.com/video/pc-hardware-deep-dives/rtx-5090-launch-review.mp4',
 'PUBLIC',
 5, 9, 1
),
(1042, 0,
 'Next-Gen CPU Roundup',
 'Comparison of modern CPU families.',
 '2025-01-22',
 'https://edufy.com/video/pc-hardware-deep-dives/next-gen-cpu-roundup.mp4',
 'PUBLIC',
 5, 9, 2
),
(1043, 0,
 'Budget Gaming PC Build Guide',
 'Building an affordable computer for 1080p gaming.',
 '2025-01-29',
 'https://edufy.com/video/pc-hardware-deep-dives/budget-gaming-pc-build-guide.mp4',
 'PUBLIC',
 5, 9, 3
),
(1044, 0,
 'High-End Workstation for Content Creators',
 'Computer built for rendering and video editing.',
 '2025-02-05',
 'https://edufy.com/video/pc-hardware-deep-dives/high-end-workstation-for-content-creators.mp4',
 'PUBLIC',
 5, 9, 4
),
(1045, 0,
 'SSD Endurance Testing Explained',
 'Analysis of write wear on modern SSDs.',
 '2025-02-12',
 'https://edufy.com/video/pc-hardware-deep-dives/ssd-endurance-testing-explained.mp4',
 'PUBLIC',
 5, 9, 5
),
(1046, 0,
 'AIO Cooler Test – 2025 Roundup',
 'Comparison of AIO water coolers.',
 '2025-02-19',
 'https://edufy.com/video/cooling-thermals/aio-cooler-test-2025-roundup.mp4',
 'PUBLIC',
 5, 10, 1
),
(1047, 0,
 'Air Coolers vs Liquid Coolers',
 'Advantages and disadvantages of different cooling methods.',
 '2025-02-26',
 'https://edufy.com/video/cooling-thermals/air-coolers-vs-liquid-coolers.mp4',
 'PUBLIC',
 5, 10, 2
),
(1048, 0,
 'Case Airflow Optimization',
 'How to place fans for best cooling.',
 '2025-03-05',
 'https://edufy.com/video/cooling-thermals/case-airflow-optimization.mp4',
 'PUBLIC',
 5, 10, 3
),
(1049, 0,
 'Thermal Pad vs Thermal Paste Testing',
 'Different materials for heat transfer.',
 '2025-03-12',
 'https://edufy.com/video/cooling-thermals/thermal-pad-vs-thermal-paste-testing.mp4',
 'PUBLIC',
 5, 10, 4
),
(1050, 0,
 'GPU Cooling Mod Experiments',
 'Modification of coolers and flows.',
 '2025-03-19',
 'https://edufy.com/video/cooling-thermals/gpu-cooling-mod-experiments.mp4',
 'PUBLIC',
 5, 10, 5
);

-- VIDEOS – Broughy1322 (1051–1060)

INSERT INTO videos (id, version, title, description, release_date, stream_url,
                    visibility, channel_id, series_id, position_in_series) VALUES
(1051, 0,
 'GTA V Lap Times – Sports Class',
 'Timing of racing cars in the sports class.',
 '2025-01-16',
 'https://edufy.com/video/gta-racing-cars/gta-v-lap-times-sports-class.mp4',
 'PUBLIC',
 6, 11, 1
),
(1052, 0,
 'GTA V Lap Times – Super Class',
 'Timing of cars in the super class.',
 '2025-01-23',
 'https://edufy.com/video/gta-racing-cars/gta-v-lap-times-super-class.mp4',
 'PUBLIC',
 6, 11, 2
),
(1053, 0,
 'Top Speed Testing on Long Straight',
 'Comparison of top speed of different car types.',
 '2025-01-30',
 'https://edufy.com/video/gta-racing-cars/top-speed-testing-on-long-straight.mp4',
 'PUBLIC',
 6, 11, 3
),
(1054, 0,
 'Handling Test – Tight City Circuit',
 'How different cars behave in technical city layout.',
 '2025-02-06',
 'https://edufy.com/video/gta-racing-cars/handling-test-tight-city-circuit.mp4',
 'PUBLIC',
 6, 11, 4
),
(1055, 0,
 'Endurance Race – 1-Hour GTA Event',
 'Bigger competition with a focus on consistency.',
 '2025-02-13',
 'https://edufy.com/video/gta-racing-cars/endurance-race-1-hour-gta-event.mp4',
 'PUBLIC',
 6, 11, 5
),
(1056, 0,
 'GTA V Bikes – Lap Time Testing',
 'Comparison of motorcycles on track.',
 '2025-02-20',
 'https://edufy.com/video/gta-racing-bikes/gta-v-bikes-lap-time-testing.mp4',
 'PUBLIC',
 6, 12, 1
),
(1057, 0,
 'GTA V Bikes – Top Speed Ranking',
 'Top list of fastest motorcycles.',
 '2025-02-27',
 'https://edufy.com/video/gta-racing-bikes/gta-v-bikes-top-speed-ranking.mp4',
 'PUBLIC',
 6, 12, 2
),
(1058, 0,
 'Real Track Day – Lightweight Car',
 'Data analysis from a real track run.',
 '2025-03-06',
 'https://edufy.com/video/gta-racing-bikes/real-track-day-lightweight-car.mp4',
 'PUBLIC',
 6, 12, 3
),
(1059, 0,
 'Real Track Day – Sportsbike',
 'Lap times and telemetry from motorcycles on the track.',
 '2025-03-13',
 'https://edufy.com/video/gta-racing-bikes/real-track-day-sportsbike.mp4',
 'PUBLIC',
 6, 12, 4
),
(1060, 0,
 'Comparing GTA Cars to Real Lap Data',
 'How well the game matches real-world times.',
 '2025-03-20',
 'https://edufy.com/video/gta-racing-bikes/comparing-gta-cars-to-real-lap-data.mp4',
 'PUBLIC',
 6, 12, 5
);

-- VIDEO_GENRES

-- Clint's Reptiles (1001–1010)
INSERT INTO video_genres (video_id, genre_id) VALUES
(1001, 1), (1001, 2),
(1002, 1),
(1003, 1),
(1004, 1),
(1005, 1),
(1006, 1), (1006, 2),
(1007, 1), (1007, 2),
(1008, 1), (1008, 2),
(1009, 1), (1009, 2),
(1010, 1);

-- Tasting History (1011–1020)
INSERT INTO video_genres (video_id, genre_id) VALUES
(1011, 3), (1011, 4),
(1012, 3), (1012, 4),
(1013, 3), (1013, 4),
(1014, 3), (1014, 4),
(1015, 3), (1015, 4),
(1016, 3), (1016, 4),
(1017, 3), (1017, 4),
(1018, 3), (1018, 4),
(1019, 3), (1019, 4),
(1020, 3), (1020, 4);

-- Alec Steele (1021–1030)
INSERT INTO video_genres (video_id, genre_id) VALUES
(1021, 5),
(1022, 5),
(1023, 5),
(1024, 5),
(1025, 5),
(1026, 5), (1026, 6),
(1027, 5),
(1028, 5),
(1029, 5),
(1030, 5);

-- MythBusters (1031–1040)
INSERT INTO video_genres (video_id, genre_id) VALUES
(1031, 6), (1031, 10),
(1032, 6), (1032, 10),
(1033, 6), (1033, 10),
(1034, 6), (1034, 10),
(1035, 6), (1035, 10),
(1036, 6),
(1037, 6),
(1038, 6),
(1039, 6),
(1040, 6);

-- Gamers Nexus (1041–1050)
INSERT INTO video_genres (video_id, genre_id) VALUES
(1041, 7),
(1042, 7),
(1043, 7),
(1044, 7),
(1045, 7),
(1046, 7), (1046, 6),
(1047, 7), (1047, 6),
(1048, 7), (1048, 6),
(1049, 7),
(1050, 7);

-- Broughy1322 (1051–1060)
INSERT INTO video_genres (video_id, genre_id) VALUES
(1051, 8), (1051, 9),
(1052, 8), (1052, 9),
(1053, 8), (1053, 9),
(1054, 8), (1054, 9),
(1055, 8), (1055, 9),
(1056, 8),
(1057, 8),
(1058, 9),
(1059, 9),
(1060, 8), (1060, 9);


-- =========================================================
-- NEW CHANNELS
-- =========================================================

INSERT INTO channels (id, name, handle) VALUES
  (7, 'Edufy Movies', 'edufymovies'),
  (8, 'Edufy Originals', 'edufyoriginals');

-- =========================================================
-- NEW GENRES (11+)
-- =========================================================

INSERT INTO genres (id, name) VALUES
  (11, 'Action'),
  (12, 'Drama'),
  (13, 'Sci-Fi'),
  (14, 'Thriller'),
  (15, 'Fantasy'),
  (16, 'Documentary'),
  (17, 'Crime'),
  (18, 'Adventure');

-- =========================================================
-- NEW SERIES FOR EDUFY MOVIES (CHANNEL 7)
-- =========================================================

INSERT INTO series (id, title, channel_id) VALUES
  (13, 'Edufy Movies – Action Hits', 7),
  (14, 'Edufy Movies – Drama Classics', 7),
  (15, 'Edufy Movies – Sci-Fi & Fantasy', 7),
  (16, 'Edufy Movies – Thriller & Crime', 7),
  (17, 'Edufy Movies – Family & Adventure', 7);

-- =========================================================
-- NEW SERIES FOR EDUFY ORIGINALS (CHANNEL 8)
-- =========================================================

INSERT INTO series (id, title, channel_id) VALUES
  (18, 'Edufy Originals – Action Squad', 8),
  (19, 'Edufy Originals – City Hearts', 8),
  (20, 'Edufy Originals – Starfall Frontier', 8),
  (21, 'Edufy Originals – Shadow Lines', 8),
  (22, 'Edufy Originals – True Minds', 8),
  (23, 'Edufy Originals – Campus Comedy', 8),
  (24, 'Edufy Originals – Realm of Embers', 8),
  (25, 'Edufy Originals – Harbor Mysteries', 8),
  (26, 'Edufy Originals – Future Tech Lab', 8),
  (27, 'Edufy Originals – Behind the Stage', 8);

-- =========================================================
-- EDUFY MOVIES: 50 FEATURE FILMS (IDs 1061–1110)
-- =========================================================

INSERT INTO videos (id, version, title, description, release_date, stream_url,
                    visibility, channel_id, series_id, position_in_series) VALUES
-- Action Hits (series_id 13, 10 filmer)
(1061, 0, 'Steel Horizon',
 'Elite team stops a hijacked cargo ship.',
 '2024-01-05',
 'https://edufy.com/video/edufy-movies/action-hits/steel-horizon.mp4',
 'PUBLIC', 7, 13, 1),
(1062, 0, 'District Siege',
 'A city block under lockdown during a heist.',
 '2024-01-12',
 'https://edufy.com/video/edufy-movies/action-hits/district-siege.mp4',
 'PUBLIC', 7, 13, 2),
(1063, 0, 'Midnight Pursuit',
 'Undercover cop in a high-speed chase overnight.',
 '2024-01-19',
 'https://edufy.com/video/edufy-movies/action-hits/midnight-pursuit.mp4',
 'PUBLIC', 7, 13, 3),
(1064, 0, 'Fireline',
 'Firefighter team trapped in a forest inferno.',
 '2024-01-26',
 'https://edufy.com/video/edufy-movies/action-hits/fireline.mp4',
 'PUBLIC', 7, 13, 4),
(1065, 0, 'Neon Vendetta',
 'Revenge story in a neon-lit megacity.',
 '2024-02-02',
 'https://edufy.com/video/edufy-movies/action-hits/neon-vendetta.mp4',
 'PUBLIC', 7, 13, 5),
(1066, 0, 'Rogue Division',
 'Disavowed agents racing to stop a cyber attack.',
 '2024-02-09',
 'https://edufy.com/video/edufy-movies/action-hits/rogue-division.mp4',
 'PUBLIC', 7, 13, 6),
(1067, 0, 'Skyfall Protocol',
 'Hijacked satellites used as weapons.',
 '2024-02-16',
 'https://edufy.com/video/edufy-movies/action-hits/skyfall-protocol.mp4',
 'PUBLIC', 7, 13, 7),
(1068, 0, 'Harbor Strike',
 'Dock workers caught in cartel crossfire.',
 '2024-02-23',
 'https://edufy.com/video/edufy-movies/action-hits/harbor-strike.mp4',
 'PUBLIC', 7, 13, 8),
(1069, 0, 'Metro Escape',
 'Train hostage drama under the city.',
 '2024-03-01',
 'https://edufy.com/video/edufy-movies/action-hits/metro-escape.mp4',
 'PUBLIC', 7, 13, 9),
(1070, 0, 'Frontline Zero',
 'Special ops mission at an arctic base.',
 '2024-03-08',
 'https://edufy.com/video/edufy-movies/action-hits/frontline-zero.mp4',
 'PUBLIC', 7, 13, 10),

-- Drama Classics (series_id 14, 10 filmer)
(1071, 0, 'Winter Letters',
 'A family reconnects through forgotten letters.',
 '2023-11-10',
 'https://edufy.com/video/edufy-movies/drama-classics/winter-letters.mp4',
 'PUBLIC', 7, 14, 1),
(1072, 0, 'Silent Harbor',
 'Fisherman faces loss and renewal in a small town.',
 '2023-11-17',
 'https://edufy.com/video/edufy-movies/drama-classics/silent-harbor.mp4',
 'PUBLIC', 7, 14, 2),
(1073, 0, 'Paper Bridges',
 'Two siblings fight over their childhood home.',
 '2023-11-24',
 'https://edufy.com/video/edufy-movies/drama-classics/paper-bridges.mp4',
 'PUBLIC', 7, 14, 3),
(1074, 0, 'After the Applause',
 'A retired actor struggles with anonymity.',
 '2023-12-01',
 'https://edufy.com/video/edufy-movies/drama-classics/after-the-applause.mp4',
 'PUBLIC', 7, 14, 4),
(1075, 0, 'River of Glass',
 'Lawyer questioning their life after a major case.',
 '2023-12-08',
 'https://edufy.com/video/edufy-movies/drama-classics/river-of-glass.mp4',
 'PUBLIC', 7, 14, 5),
(1076, 0, 'Yellow Street',
 'Residents of one street over a turbulent decade.',
 '2023-12-15',
 'https://edufy.com/video/edufy-movies/drama-classics/yellow-street.mp4',
 'PUBLIC', 7, 14, 6),
(1077, 0, 'Last Rehearsal',
 'Dancer prepares for a final performance.',
 '2023-12-22',
 'https://edufy.com/video/edufy-movies/drama-classics/last-rehearsal.mp4',
 'PUBLIC', 7, 14, 7),
(1078, 0, 'Borrowed Sunlight',
 'Teacher inspires a class in a struggling school.',
 '2023-12-29',
 'https://edufy.com/video/edufy-movies/drama-classics/borrowed-sunlight.mp4',
 'PUBLIC', 7, 14, 8),
(1079, 0, 'The Long Commute',
 'Strangers on a train share turning points in life.',
 '2024-01-05',
 'https://edufy.com/video/edufy-movies/drama-classics/the-long-commute.mp4',
 'PUBLIC', 7, 14, 9),
(1080, 0, 'Broken Map',
 'Architect returns to rebuild their hometown.',
 '2024-01-12',
 'https://edufy.com/video/edufy-movies/drama-classics/broken-map.mp4',
 'PUBLIC', 7, 14, 10),

-- Sci-Fi & Fantasy (series_id 15, 10 filmer)
(1081, 0, 'Orbit of Echoes',
 'Astronaut hears voices from future missions.',
 '2024-02-01',
 'https://edufy.com/video/edufy-movies/sci-fi-fantasy/orbit-of-echoes.mp4',
 'PUBLIC', 7, 15, 1),
(1082, 0, 'Neon Skies',
 'Hacker explores a virtual sky above the city.',
 '2024-02-08',
 'https://edufy.com/video/edufy-movies/sci-fi-fantasy/neon-skies.mp4',
 'PUBLIC', 7, 15, 2),
(1083, 0, 'Shard of Tomorrow',
 'Time traveller tries to fix one key day.',
 '2024-02-15',
 'https://edufy.com/video/edufy-movies/sci-fi-fantasy/shard-of-tomorrow.mp4',
 'PUBLIC', 7, 15, 3),
(1084, 0, 'Kingdom of Embers',
 'Exiled mage returns to a burning kingdom.',
 '2024-02-22',
 'https://edufy.com/video/edufy-movies/sci-fi-fantasy/kingdom-of-embers.mp4',
 'PUBLIC', 7, 15, 4),
(1085, 0, 'Signal in the Mist',
 'Rural town receives a strange extraterrestrial signal.',
 '2024-02-29',
 'https://edufy.com/video/edufy-movies/sci-fi-fantasy/signal-in-the-mist.mp4',
 'PUBLIC', 7, 15, 5),
(1086, 0, 'Iron Citadel',
 'Rebels storm a mechanical floating fortress.',
 '2024-03-07',
 'https://edufy.com/video/edufy-movies/sci-fi-fantasy/iron-citadel.mp4',
 'PUBLIC', 7, 15, 6),
(1087, 0, 'Quantum Harbor',
 'Scientist discovers a harbor between timelines.',
 '2024-03-14',
 'https://edufy.com/video/edufy-movies/sci-fi-fantasy/quantum-harbor.mp4',
 'PUBLIC', 7, 15, 7),
(1088, 0, 'Glass Dragon',
 'Thief steals a legendary crystal creature.',
 '2024-03-21',
 'https://edufy.com/video/edufy-movies/sci-fi-fantasy/glass-dragon.mp4',
 'PUBLIC', 7, 15, 8),
(1089, 0, 'Moon Wardens',
 'Guardians of an ancient lunar archive.',
 '2024-03-28',
 'https://edufy.com/video/edufy-movies/sci-fi-fantasy/moon-wardens.mp4',
 'PUBLIC', 7, 15, 9),
(1090, 0, 'Silent Planet',
 'Crew lands on a world where sound is dangerous.',
 '2024-04-04',
 'https://edufy.com/video/edufy-movies/sci-fi-fantasy/silent-planet.mp4',
 'PUBLIC', 7, 15, 10),

-- Thriller & Crime (series_id 16, 10 filmer)
(1091, 0, 'Cold Ledger',
 'Forensic accountant uncovers hidden crimes.',
 '2023-10-01',
 'https://edufy.com/video/edufy-movies/thriller-crime/cold-ledger.mp4',
 'PUBLIC', 7, 16, 1),
(1092, 0, 'Night Witness',
 'Only witness to a crime cannot speak.',
 '2023-10-08',
 'https://edufy.com/video/edufy-movies/thriller-crime/night-witness.mp4',
 'PUBLIC', 7, 16, 2),
(1093, 0, 'Red Evidence',
 'Detective haunted by an unsolved warehouse fire.',
 '2023-10-15',
 'https://edufy.com/video/edufy-movies/thriller-crime/red-evidence.mp4',
 'PUBLIC', 7, 16, 3),
(1094, 0, 'Harbor Code',
 'Smuggler ring hiding data in shipping manifests.',
 '2023-10-22',
 'https://edufy.com/video/edufy-movies/thriller-crime/harbor-code.mp4',
 'PUBLIC', 7, 16, 4),
(1095, 0, 'Broken Alibi',
 'Public defender discovers their client lied.',
 '2023-10-29',
 'https://edufy.com/video/edufy-movies/thriller-crime/broken-alibi.mp4',
 'PUBLIC', 7, 16, 5),
(1096, 0, 'Echo in the Garage',
 'Mechanic overhears a kidnapping plan.',
 '2023-11-05',
 'https://edufy.com/video/edufy-movies/thriller-crime/echo-in-the-garage.mp4',
 'PUBLIC', 7, 16, 6),
(1097, 0, 'Blind Alley',
 'Courier trapped in a closed-off neighborhood.',
 '2023-11-12',
 'https://edufy.com/video/edufy-movies/thriller-crime/blind-alley.mp4',
 'PUBLIC', 7, 16, 7),
(1098, 0, 'Cipher Street',
 'Reporter investigating coded graffiti murders.',
 '2023-11-19',
 'https://edufy.com/video/edufy-movies/thriller-crime/cipher-street.mp4',
 'PUBLIC', 7, 16, 8),
(1099, 0, 'False Horizon',
 'Plane incident leads to corporate cover-up.',
 '2023-11-26',
 'https://edufy.com/video/edufy-movies/thriller-crime/false-horizon.mp4',
 'PUBLIC', 7, 16, 9),
(1100, 0, 'Third Key',
 'Heist crew realizes there is a hidden player.',
 '2023-12-03',
 'https://edufy.com/video/edufy-movies/thriller-crime/third-key.mp4',
 'PUBLIC', 7, 16, 10),

-- Family & Adventure (series_id 17, 10 filmer)
(1101, 0, 'Map to the Old Lighthouse',
 'Kids search for treasure along the coast.',
 '2024-05-01',
 'https://edufy.com/video/edufy-movies/family-adventure/map-to-the-old-lighthouse.mp4',
 'PUBLIC', 7, 17, 1),
(1102, 0, 'Forest of Paper Kites',
 'Family reconnects on a camping trip.',
 '2024-05-08',
 'https://edufy.com/video/edufy-movies/family-adventure/forest-of-paper-kites.mp4',
 'PUBLIC', 7, 17, 2),
(1103, 0, 'Summer Rail Journey',
 'Friends travel by train across the country.',
 '2024-05-15',
 'https://edufy.com/video/edufy-movies/family-adventure/summer-rail-journey.mp4',
 'PUBLIC', 7, 17, 3),
(1104, 0, 'Lakehouse Mystery',
 'Siblings investigate strange events at a lake.',
 '2024-05-22',
 'https://edufy.com/video/edufy-movies/family-adventure/lakehouse-mystery.mp4',
 'PUBLIC', 7, 17, 4),
(1105, 0, 'Festival of Lanterns',
 'Town prepares for a yearly lantern festival.',
 '2024-05-29',
 'https://edufy.com/video/edufy-movies/family-adventure/festival-of-lanterns.mp4',
 'PUBLIC', 7, 17, 5),
(1106, 0, 'Bridge Over the Valley',
 'Community unites to rebuild an old bridge.',
 '2024-06-05',
 'https://edufy.com/video/edufy-movies/family-adventure/bridge-over-the-valley.mp4',
 'PUBLIC', 7, 17, 6),
(1107, 0, 'The Small Library',
 'A child saves a local library from closing.',
 '2024-06-12',
 'https://edufy.com/video/edufy-movies/family-adventure/the-small-library.mp4',
 'PUBLIC', 7, 17, 7),
(1108, 0, 'Hidden Garden City',
 'Urban exploration reveals a secret rooftop garden.',
 '2024-06-19',
 'https://edufy.com/video/edufy-movies/family-adventure/hidden-garden-city.mp4',
 'PUBLIC', 7, 17, 8),
(1109, 0, 'Ice Road Trip',
 'Family drives north on frozen roads for an adventure.',
 '2024-06-26',
 'https://edufy.com/video/edufy-movies/family-adventure/ice-road-trip.mp4',
 'PUBLIC', 7, 17, 9),
(1110, 0, 'City Park Rangers',
 'Teen volunteers protect wildlife in the city park.',
 '2024-07-03',
 'https://edufy.com/video/edufy-movies/family-adventure/city-park-rangers.mp4',
 'PUBLIC', 7, 17, 10);

-- =========================================================
-- EDUFY ORIGINALS: 10 SERIES * 5 EPISODES = 50 (IDs 1111–1160)
-- =========================================================

INSERT INTO videos (id, version, title, description, release_date, stream_url,
                    visibility, channel_id, series_id, position_in_series) VALUES
-- Action Squad (series_id 18)
(1111, 0, 'Action Squad S1E1 – First Call',
 'Street responders form an unofficial rescue team.',
 '2024-01-05',
 'https://edufy.com/video/edufy-originals/action-squad/s1e1-first-call.mp4',
 'PUBLIC', 8, 18, 1),
(1112, 0, 'Action Squad S1E2 – Broken Block',
 'Tensions rise as the team enters a dangerous block.',
 '2024-01-12',
 'https://edufy.com/video/edufy-originals/action-squad/s1e2-broken-block.mp4',
 'PUBLIC', 8, 18, 2),
(1113, 0, 'Action Squad S1E3 – Night Run',
 'Chase through rooftops under heavy rain.',
 '2024-01-19',
 'https://edufy.com/video/edufy-originals/action-squad/s1e3-night-run.mp4',
 'PUBLIC', 8, 18, 3),
(1114, 0, 'Action Squad S1E4 – Safehouse',
 'The squad questions who to trust.',
 '2024-01-26',
 'https://edufy.com/video/edufy-originals/action-squad/s1e4-safehouse.mp4',
 'PUBLIC', 8, 18, 4),
(1115, 0, 'Action Squad S1E5 – Standstill',
 'Final showdown on the city bridge.',
 '2024-02-02',
 'https://edufy.com/video/edufy-originals/action-squad/s1e5-standstill.mp4',
 'PUBLIC', 8, 18, 5),

-- City Hearts (series_id 19)
(1116, 0, 'City Hearts S1E1 – New Lease',
 'Nurse moves into a shared apartment.',
 '2024-02-09',
 'https://edufy.com/video/edufy-originals/city-hearts/s1e1-new-lease.mp4',
 'PUBLIC', 8, 19, 1),
(1117, 0, 'City Hearts S1E2 – Night Shift',
 'Work and relationships collide on a night shift.',
 '2024-02-16',
 'https://edufy.com/video/edufy-originals/city-hearts/s1e2-night-shift.mp4',
 'PUBLIC', 8, 19, 2),
(1118, 0, 'City Hearts S1E3 – Old Cafe',
 'Friends gather at a cafe about to close.',
 '2024-02-23',
 'https://edufy.com/video/edufy-originals/city-hearts/s1e3-old-cafe.mp4',
 'PUBLIC', 8, 19, 3),
(1119, 0, 'City Hearts S1E4 – Crossroads',
 'Tough career and love decisions.',
 '2024-03-01',
 'https://edufy.com/video/edufy-originals/city-hearts/s1e4-crossroads.mp4',
 'PUBLIC', 8, 19, 4),
(1120, 0, 'City Hearts S1E5 – Dawn Over Rooftops',
 'The housemates face a new chapter.',
 '2024-03-08',
 'https://edufy.com/video/edufy-originals/city-hearts/s1e5-dawn-over-rooftops.mp4',
 'PUBLIC', 8, 19, 5),

-- Starfall Frontier (series_id 20)
(1121, 0, 'Starfall Frontier S1E1 – Signal',
 'Crew responds to a distress call at the edge of known space.',
 '2024-03-15',
 'https://edufy.com/video/edufy-originals/starfall-frontier/s1e1-signal.mp4',
 'PUBLIC', 8, 20, 1),
(1122, 0, 'Starfall Frontier S1E2 – Drift',
 'Ship stuck in a dangerous asteroid field.',
 '2024-03-22',
 'https://edufy.com/video/edufy-originals/starfall-frontier/s1e2-drift.mp4',
 'PUBLIC', 8, 20, 2),
(1123, 0, 'Starfall Frontier S1E3 – Outpost',
 'Abandoned research outpost hides a secret.',
 '2024-03-29',
 'https://edufy.com/video/edufy-originals/starfall-frontier/s1e3-outpost.mp4',
 'PUBLIC', 8, 20, 3),
(1124, 0, 'Starfall Frontier S1E4 – Divide',
 'Crew disagreement threatens the mission.',
 '2024-04-05',
 'https://edufy.com/video/edufy-originals/starfall-frontier/s1e4-divide.mp4',
 'PUBLIC', 8, 20, 4),
(1125, 0, 'Starfall Frontier S1E5 – Horizon',
 'Choice between returning home or going further.',
 '2024-04-12',
 'https://edufy.com/video/edufy-originals/starfall-frontier/s1e5-horizon.mp4',
 'PUBLIC', 8, 20, 5),

-- Shadow Lines (series_id 21)
(1126, 0, 'Shadow Lines S1E1 – Unmarked File',
 'Analyst finds a file that should not exist.',
 '2024-04-19',
 'https://edufy.com/video/edufy-originals/shadow-lines/s1e1-unmarked-file.mp4',
 'PUBLIC', 8, 21, 1),
(1127, 0, 'Shadow Lines S1E2 – Footsteps',
 'Surveillance footage reveals a stalker.',
 '2024-04-26',
 'https://edufy.com/video/edufy-originals/shadow-lines/s1e2-footsteps.mp4',
 'PUBLIC', 8, 21, 2),
(1128, 0, 'Shadow Lines S1E3 – Crossed Wires',
 'Investigation moves from online to the streets.',
 '2024-05-03',
 'https://edufy.com/video/edufy-originals/shadow-lines/s1e3-crossed-wires.mp4',
 'PUBLIC', 8, 21, 3),
(1129, 0, 'Shadow Lines S1E4 – Double Exposure',
 'Two cases turn out to be one.',
 '2024-05-10',
 'https://edufy.com/video/edufy-originals/shadow-lines/s1e4-double-exposure.mp4',
 'PUBLIC', 8, 21, 4),
(1130, 0, 'Shadow Lines S1E5 – Clear View',
 'The team finally sees the full pattern.',
 '2024-05-17',
 'https://edufy.com/video/edufy-originals/shadow-lines/s1e5-clear-view.mp4',
 'PUBLIC', 8, 21, 5),

-- True Minds (series_id 22, dokumentär)
(1131, 0, 'True Minds S1E1 – The Inventor',
 'Portrait of a small-town inventor.',
 '2024-05-24',
 'https://edufy.com/video/edufy-originals/true-minds/s1e1-the-inventor.mp4',
 'PUBLIC', 8, 22, 1),
(1132, 0, 'True Minds S1E2 – The Teacher',
 'Teacher changing a whole class.',
 '2024-05-31',
 'https://edufy.com/video/edufy-originals/true-minds/s1e2-the-teacher.mp4',
 'PUBLIC', 8, 22, 2),
(1133, 0, 'True Minds S1E3 – The Driver',
 'Night-shift driver listening to stories.',
 '2024-06-07',
 'https://edufy.com/video/edufy-originals/true-minds/s1e3-the-driver.mp4',
 'PUBLIC', 8, 22, 3),
(1134, 0, 'True Minds S1E4 – The Coder',
 'Programmer building tools for accessibility.',
 '2024-06-14',
 'https://edufy.com/video/edufy-originals/true-minds/s1e4-the-coder.mp4',
 'PUBLIC', 8, 22, 4),
(1135, 0, 'True Minds S1E5 – The Gardener',
 'Urban gardener turning rooftops green.',
 '2024-06-21',
 'https://edufy.com/video/edufy-originals/true-minds/s1e5-the-gardener.mp4',
 'PUBLIC', 8, 22, 5),

-- Campus Comedy (series_id 23)
(1136, 0, 'Campus Comedy S1E1 – Orientation Day',
 'First day chaos at campus.',
 '2024-06-28',
 'https://edufy.com/video/edufy-originals/campus-comedy/s1e1-orientation-day.mp4',
 'PUBLIC', 8, 23, 1),
(1137, 0, 'Campus Comedy S1E2 – Group Project',
 'No one reads the instructions.',
 '2024-07-05',
 'https://edufy.com/video/edufy-originals/campus-comedy/s1e2-group-project.mp4',
 'PUBLIC', 8, 23, 2),
(1138, 0, 'Campus Comedy S1E3 – Midnight Snacks',
 'Dorm kitchen becomes the social hub.',
 '2024-07-12',
 'https://edufy.com/video/edufy-originals/campus-comedy/s1e3-midnight-snacks.mp4',
 'PUBLIC', 8, 23, 3),
(1139, 0, 'Campus Comedy S1E4 – Exam Week',
 'Everything that can go wrong, does.',
 '2024-07-19',
 'https://edufy.com/video/edufy-originals/campus-comedy/s1e4-exam-week.mp4',
 'PUBLIC', 8, 23, 4),
(1140, 0, 'Campus Comedy S1E5 – Graduation Plan',
 'Trying to plan a perfect graduation.',
 '2024-07-26',
 'https://edufy.com/video/edufy-originals/campus-comedy/s1e5-graduation-plan.mp4',
 'PUBLIC', 8, 23, 5),

-- Realm of Embers (series_id 24, fantasy)
(1141, 0, 'Realm of Embers S1E1 – Ash Gate',
 'Village discovers a gate of living fire.',
 '2024-08-02',
 'https://edufy.com/video/edufy-originals/realm-of-embers/s1e1-ash-gate.mp4',
 'PUBLIC', 8, 24, 1),
(1142, 0, 'Realm of Embers S1E2 – Ember Oath',
 'Young warrior swears to protect the gate.',
 '2024-08-09',
 'https://edufy.com/video/edufy-originals/realm-of-embers/s1e2-ember-oath.mp4',
 'PUBLIC', 8, 24, 2),
(1143, 0, 'Realm of Embers S1E3 – River of Smoke',
 'Journey along a river that glows at night.',
 '2024-08-16',
 'https://edufy.com/video/edufy-originals/realm-of-embers/s1e3-river-of-smoke.mp4',
 'PUBLIC', 8, 24, 3),
(1144, 0, 'Realm of Embers S1E4 – Broken Crown',
 'Court intrigue threatens the realm.',
 '2024-08-23',
 'https://edufy.com/video/edufy-originals/realm-of-embers/s1e4-broken-crown.mp4',
 'PUBLIC', 8, 24, 4),
(1145, 0, 'Realm of Embers S1E5 – Last Spark',
 'Decision about closing or guarding the gate.',
 '2024-08-30',
 'https://edufy.com/video/edufy-originals/realm-of-embers/s1e5-last-spark.mp4',
 'PUBLIC', 8, 24, 5),

-- Harbor Mysteries (series_id 25)
(1146, 0, 'Harbor Mysteries S1E1 – Low Tide',
 'Body discovered at low tide under the pier.',
 '2024-09-06',
 'https://edufy.com/video/edufy-originals/harbor-mysteries/s1e1-low-tide.mp4',
 'PUBLIC', 8, 25, 1),
(1147, 0, 'Harbor Mysteries S1E2 – Cargo List',
 'Anomalies in the cargo manifest.',
 '2024-09-13',
 'https://edufy.com/video/edufy-originals/harbor-mysteries/s1e2-cargo-list.mp4',
 'PUBLIC', 8, 25, 2),
(1148, 0, 'Harbor Mysteries S1E3 – Fog Line',
 'Thick fog hides a crucial clue.',
 '2024-09-20',
 'https://edufy.com/video/edufy-originals/harbor-mysteries/s1e3-fog-line.mp4',
 'PUBLIC', 8, 25, 3),
(1149, 0, 'Harbor Mysteries S1E4 – Old Buoy',
 'Old buoy marks more than safe water.',
 '2024-09-27',
 'https://edufy.com/video/edufy-originals/harbor-mysteries/s1e4-old-buoy.mp4',
 'PUBLIC', 8, 25, 4),
(1150, 0, 'Harbor Mysteries S1E5 – Open Sea',
 'Case reaches far beyond the harbor.',
 '2024-10-04',
 'https://edufy.com/video/edufy-originals/harbor-mysteries/s1e5-open-sea.mp4',
 'PUBLIC', 8, 25, 5),

-- Future Tech Lab (series_id 26)
(1151, 0, 'Future Tech Lab S1E1 – Smart City',
 'Prototype city block filled with sensors.',
 '2024-10-11',
 'https://edufy.com/video/edufy-originals/future-tech-lab/s1e1-smart-city.mp4',
 'PUBLIC', 8, 26, 1),
(1152, 0, 'Future Tech Lab S1E2 – Bio Sensors',
 'Wearables measuring new types of data.',
 '2024-10-18',
 'https://edufy.com/video/edufy-originals/future-tech-lab/s1e2-bio-sensors.mp4',
 'PUBLIC', 8, 26, 2),
(1153, 0, 'Future Tech Lab S1E3 – Drone Swarm',
 'Coordinating a swarm of drones.',
 '2024-10-25',
 'https://edufy.com/video/edufy-originals/future-tech-lab/s1e3-drone-swarm.mp4',
 'PUBLIC', 8, 26, 3),
(1154, 0, 'Future Tech Lab S1E4 – Robo Shop',
 'Robots working together in a workshop.',
 '2024-11-01',
 'https://edufy.com/video/edufy-originals/future-tech-lab/s1e4-robo-shop.mp4',
 'PUBLIC', 8, 26, 4),
(1155, 0, 'Future Tech Lab S1E5 – Open Source City',
 'Sharing tech with the whole community.',
 '2024-11-08',
 'https://edufy.com/video/edufy-originals/future-tech-lab/s1e5-open-source-city.mp4',
 'PUBLIC', 8, 26, 5),

-- Behind the Stage (series_id 27, musik/dokumentär)
(1156, 0, 'Behind the Stage S1E1 – Warmup',
 'Band preparing for a small venue show.',
 '2024-11-15',
 'https://edufy.com/video/edufy-originals/behind-the-stage/s1e1-warmup.mp4',
 'PUBLIC', 8, 27, 1),
(1157, 0, 'Behind the Stage S1E2 – Tour Bus',
 'Life on the road between gigs.',
 '2024-11-22',
 'https://edufy.com/video/edufy-originals/behind-the-stage/s1e2-tour-bus.mp4',
 'PUBLIC', 8, 27, 2),
(1158, 0, 'Behind the Stage S1E3 – Studio Night',
 'Recording late into the night.',
 '2024-11-29',
 'https://edufy.com/video/edufy-originals/behind-the-stage/s1e3-studio-night.mp4',
 'PUBLIC', 8, 27, 3),
(1159, 0, 'Behind the Stage S1E4 – Festival Day',
 'Navigating a huge festival lineup.',
 '2024-12-06',
 'https://edufy.com/video/edufy-originals/behind-the-stage/s1e4-festival-day.mp4',
 'PUBLIC', 8, 27, 4),
(1160, 0, 'Behind the Stage S1E5 – Last Song',
 'Band closes the tour with one last song.',
 '2024-12-13',
 'https://edufy.com/video/edufy-originals/behind-the-stage/s1e5-last-song.mp4',
 'PUBLIC', 8, 27, 5);

-- =========================================================
-- VIDEO_GENRES FOR NEW MOVIES & ORIGINALS
-- =========================================================

-- Edufy Movies – Action Hits (1061–1070): mycket Action + Adventure/Thriller
INSERT INTO video_genres (video_id, genre_id) VALUES
(1061, 11), (1061, 18),
(1062, 11), (1062, 14),
(1063, 11), (1063, 14),
(1064, 11), (1064, 18),
(1065, 11), (1065, 14),
(1066, 11), (1066, 13),
(1067, 11), (1067, 13),
(1068, 11), (1068, 17),
(1069, 11), (1069, 14),
(1070, 11), (1070, 18);

-- Edufy Movies – Drama Classics (1071–1080): mycket Drama
INSERT INTO video_genres (video_id, genre_id) VALUES
(1071, 12),
(1072, 12),
(1073, 12),
(1074, 12),
(1075, 12),
(1076, 12),
(1077, 12),
(1078, 12),
(1079, 12),
(1080, 12);

-- Edufy Movies – Sci-Fi & Fantasy (1081–1090)
INSERT INTO video_genres (video_id, genre_id) VALUES
(1081, 13), (1081, 12),
(1082, 13), (1082, 11),
(1083, 13), (1083, 12),
(1084, 15), (1084, 12),
(1085, 13), (1085, 14),
(1086, 13), (1086, 11),
(1087, 13), (1087, 12),
(1088, 15), (1088, 11),
(1089, 13), (1089, 12),
(1090, 13), (1090, 14);

-- Edufy Movies – Thriller & Crime (1091–1100)
INSERT INTO video_genres (video_id, genre_id) VALUES
(1091, 14), (1091, 17),
(1092, 14), (1092, 12),
(1093, 14), (1093, 12),
(1094, 14), (1094, 17),
(1095, 14), (1095, 12),
(1096, 14), (1096, 17),
(1097, 14), (1097, 11),
(1098, 14), (1098, 17),
(1099, 14), (1099, 11),
(1100, 14), (1100, 17);

-- Edufy Movies – Family & Adventure (1101–1110)
INSERT INTO video_genres (video_id, genre_id) VALUES
(1101, 18), (1101, 12),
(1102, 18), (1102, 12),
(1103, 18), (1103, 12),
(1104, 18), (1104, 14),
(1105, 18), (1105, 12),
(1106, 18), (1106, 12),
(1107, 18), (1107, 12),
(1108, 18), (1108, 12),
(1109, 18), (1109, 12),
(1110, 18), (1110, 12);

-- Edufy Originals – Action Squad (1111–1115): Action/Drama
INSERT INTO video_genres (video_id, genre_id) VALUES
(1111, 11), (1111, 12),
(1112, 11), (1112, 14),
(1113, 11), (1113, 18),
(1114, 11), (1114, 12),
(1115, 11), (1115, 14);

-- City Hearts (1116–1120): Drama
INSERT INTO video_genres (video_id, genre_id) VALUES
(1116, 12),
(1117, 12),
(1118, 12),
(1119, 12),
(1120, 12);

-- Starfall Frontier (1121–1125): Sci-Fi/Action/Drama
INSERT INTO video_genres (video_id, genre_id) VALUES
(1121, 13), (1121, 12),
(1122, 13), (1122, 11),
(1123, 13), (1123, 14),
(1124, 13), (1124, 12),
(1125, 13), (1125, 12);

-- Shadow Lines (1126–1130): Thriller/Crime
INSERT INTO video_genres (video_id, genre_id) VALUES
(1126, 14), (1126, 17),
(1127, 14), (1127, 17),
(1128, 14), (1128, 12),
(1129, 14), (1129, 17),
(1130, 14), (1130, 12);

-- True Minds (1131–1135): Documentary/Drama
INSERT INTO video_genres (video_id, genre_id) VALUES
(1131, 16), (1131, 12),
(1132, 16), (1132, 12),
(1133, 16), (1133, 12),
(1134, 16), (1134, 12),
(1135, 16), (1135, 12);

-- Campus Comedy (1136–1140): lite Drama/Adventure (för variation)
INSERT INTO video_genres (video_id, genre_id) VALUES
(1136, 12), (1136, 18),
(1137, 12),
(1138, 12),
(1139, 12),
(1140, 12), (1140, 18);

-- Realm of Embers (1141–1145): Fantasy/Action/Drama
INSERT INTO video_genres (video_id, genre_id) VALUES
(1141, 15), (1141, 12),
(1142, 15), (1142, 11),
(1143, 15), (1143, 18),
(1144, 15), (1144, 12),
(1145, 15), (1145, 12);

-- Harbor Mysteries (1146–1150): Thriller/Crime/Drama
INSERT INTO video_genres (video_id, genre_id) VALUES
(1146, 14), (1146, 17),
(1147, 14), (1147, 17),
(1148, 14), (1148, 12),
(1149, 14), (1149, 17),
(1150, 14), (1150, 12);

-- Future Tech Lab (1151–1155): Documentary/Tech (koppla till Science/Tech)
INSERT INTO video_genres (video_id, genre_id) VALUES
(1151, 16), (1151, 7),
(1152, 16), (1152, 7),
(1153, 16), (1153, 7),
(1154, 16), (1154, 7),
(1155, 16), (1155, 7);

-- Behind the Stage (1156–1160): Documentary/Drama
INSERT INTO video_genres (video_id, genre_id) VALUES
(1156, 16), (1156, 12),
(1157, 16), (1157, 12),
(1158, 16), (1158, 12),
(1159, 16), (1159, 12),
(1160, 16), (1160, 12);
